{
  "rooms": [
    { "id": "ROOM001", "numeroHabitacion": "101", "type": "RT001", "disponible": true },
    { "id": "ROOM002", "numeroHabitacion": "102", "type": "RT001", "disponible": false },
    { "id": "ROOM003", "numeroHabitacion": "201", "type": "RT002", "disponible": true },
    { "id": "ROOM004", "numeroHabitacion": "202", "type": "RT002", "disponible": false },
    { "id": "ROOM005", "numeroHabitacion": "301", "type": "RT003", "disponible": true },
    { "id": "ROOM006", "numeroHabitacion": "302", "type": "RT003", "disponible": false },
    { "id": "ROOM007", "numeroHabitacion": "401", "type": "RT004", "disponible": true },
    { "id": "ROOM008", "numeroHabitacion": "402", "type": "RT004", "disponible": true },
    { "id": "ROOM009", "numeroHabitacion": "403", "type": "RT005", "disponible": true },
    { "id": "ROOM010", "numeroHabitacion": "404", "type": "RT005", "disponible": false },
    { "id": "ROOM011", "numeroHabitacion": "501", "type": "RT006", "disponible": true },
    { "id": "ROOM012", "numeroHabitacion": "502", "type": "RT006", "disponible": true },
    { "id": "ROOM013", "numeroHabitacion": "601", "type": "RT007", "disponible": true },
    { "id": "ROOM014", "numeroHabitacion": "602", "type": "RT007", "disponible": false },
    { "id": "ROOM015", "numeroHabitacion": "701", "type": "RT008", "disponible": true },
    { "id": "ROOM016", "numeroHabitacion": "702", "type": "RT008", "disponible": true },
    { "id": "ROOM017", "numeroHabitacion": "801", "type": "RT009", "disponible": true },
    { "id": "ROOM018", "numeroHabitacion": "802", "type": "RT009", "disponible": false },
    { "id": "ROOM019", "numeroHabitacion": "901", "type": "RT010", "disponible": true },
    { "id": "ROOM020", "numeroHabitacion": "902", "type": "RT010", "disponible": true }
  ]
}
