{
  "servicios": [
    {
      "idServicio": "REST001",
      "nombre": "Restaurante Michelin 3 Estrellas",
      "descripcion": "Experiencia gastronómica excepcional en uno de los comedores más prestigiosos del mundo, con menú degustación de cocina checa contemporánea y vinos seleccionados.",
      "precio": 295,
      "imagenUrl": "https://cldnr.prod.webx.talpa.digital/talpa-network/image/fetch/f_auto,c_limit,w_3840,q_auto/https://images.ctfassets.net/mwdlh7x5m54h/72sO8UnNUwLASrqMK86d3x/bb012a3c1006d7daa6d6ca8bf0fb2690/pexels-cottonbro-6466288.jpg"
    },
    {
      "idServicio": "SPA001",
      "nombre": "Spa Royal Bohemia",
      "descripcion": "Centro de bienestar de lujo con tratamientos exclusivos, sauna finlandesa, baño turco y piscina climatizada con vistas al Castillo de Praga.",
      "precio": 180,
      "imagenUrl": "https://images.pexels.com/photos/6560304/pexels-photo-6560304.jpeg"
    },
    {
      "idServicio": "BAR001",
      "nombre": "Bar Kompot Legendario",
      "descripcion": "Bar exclusivo famoso por su ambiente nocturno elegante, cócteles artesanales y el legendario kompot de la casa con vista panorámica de Malá Strana.",
      "precio": 35,
      "imagenUrl": "https://offloadmedia.feverup.com/secretsanfrancisco.com/wp-content/uploads/2023/02/13023230/68693037_151390299393573_6890019703301565669_n-2-1024x683.jpg"
    },
    {
      "idServicio": "CAFE001",
      "nombre": "Cafetería Imperial",
      "descripcion": "Cafetería de ambiente refinado que sirve café de especialidad, pasteles artesanales y té de las mejores plantaciones del mundo en un entorno histórico.",
      "precio": 13,
      "imagenUrl": "https://swiss-historic-hotels.ch/bilder/hotels/grandhotel-giessbach/_AUTOxAUTO_crop_center-center_none/portrait-grandhotel-giessbach-brienz-swiss-historic-hotels-02.jpg"
    },
    {
      "idServicio": "POOL001",
      "nombre": "Piscina Infinity Castillo",
      "descripcion": "Piscina climatizada tipo infinity con vista directa a nuestro castillo, área de relajación y servicio de toallas premium.",
      "precio": 45,
      "imagenUrl": "https://giessbach.ch/images/image_uploads/GrandhotelGiessbach_%C2%A9DigitaleMassarbeit_503.jpg"
    },
    {
      "idServicio": "CONC001",
      "nombre": "Servicio de Conserjería Premium",
      "descripcion": "Conserjería 24/7 especializada en experiencias exclusivas: reservas en restaurantes, entradas VIP a eventos, tours privados por Praga y servicios personalizados.",
      "precio": 125,
      "imagenUrl": "https://guianzalibre.com/wp-content/uploads/2023/12/Agente-de-Viajes-1-1024x819.png"
    },
    {
      "idServicio": "ROOM001",
      "nombre": "Servicio de Habitaciones 24h",
      "descripcion": "Servicio de habitaciones disponible las 24 horas con menú gourmet, champagne y delicatessen locales servidos con elegancia en vajilla de porcelana.",
      "precio": 85,
      "imagenUrl": "https://media.gq.com.mx/photos/6155f165f3951529d43a0743/16:9/w_2991,h_1682,c_limit/GettyImages-56807633-lo-que-no-debes-pedir-de-room-service.jpg"
    },
    {
      "idServicio": "BUTLER001",
      "nombre": "Servicio de Mayordomo Personal",
      "descripcion": "Mayordomo personal dedicado para suites de lujo, disponible para desempaque, planchado, reservas y atención personalizada durante toda la estancia.",
      "precio": 120,
      "imagenUrl": "https://poloandtweed.com/wp-content/uploads/2023/02/Blog-Photos-5.png"
    },
    {
      "idServicio": "TRANS001",
      "nombre": "Traslados Privados de Lujo",
      "descripcion": "Servicio de traslado en vehículos de lujo (Mercedes-Benz Clase S, BMW Serie 7) desde/hacia aeropuerto y tours privados por la ciudad.",
      "precio": 85,
      "imagenUrl": "https://media-cdn.tripadvisor.com/media/attractions-splice-spp-674x446/09/5b/57/2a.jpg"
    },
    {
      "idServicio": "EVENT001",
      "nombre": "Salones para Eventos Privados",
      "descripcion": "Espacios elegantes para eventos corporativos y celebraciones privadas con capacidad de 20-150 personas, incluye catering gourmet y coordinación completa.",
      "precio": 5000,
      "imagenUrl": "https://media-cdn.tripadvisor.com/media/photo-s/07/c5/bc/b0/grandhotel-giessbach.jpg"
    },
    {
      "idServicio": "LAUND001",
      "nombre": "Lavandería y Tintorería Premium",
      "descripcion": "Servicio de lavandería express y tintorería especializada en prendas de diseñador, con entrega en 4-24 horas según urgencia.",
      "precio": 50,
      "imagenUrl": "https://www.love2laundry.com/blog/wp-content/uploads/2023/06/shutterstock_1019517997.jpg"
    },
    {
      "idServicio": "GYM001",
      "nombre": "Gimnasio Fitness Premium",
      "descripcion": "Gimnasio equipado con máquinas Technogym de última generación, entrenador personal disponible y clases de yoga y pilates privadas.",
      "precio": 40,
      "imagenUrl": "https://www.grandhotelpalace.gr/sites/default/files/styles/pagefull/public/130640-gym.jpg?itok=kGXeTJxG"
    },
    {
      "idServicio": "SHOP001",
      "nombre": "Boutique de Souvenirs de Lujo",
      "descripcion": "Boutique exclusiva con artesanías bohemias auténticas, cristal de Bohemia, joyas checas y productos gourmet locales de la más alta calidad.",
      "precio": 150,
      "imagenUrl": "https://images.e-guma.ch/2644/events/f6684d91df1e4f8d90b9eb326908f654.jpeg"
    },
    {
      "idServicio": "PARK001",
      "nombre": "Servicio de Valet Parking",
      "descripcion": "Aparcamiento subterráneo vigilado las 24 horas con servicio de valet para vehículos de huéspedes, incluyendo lavado básico gratuito.",
      "precio": 45,
      "imagenUrl": "https://staffhotel.es/assets/2024/02/valet-hotel.jpg"
    },
    {
      "idServicio": "PET001",
      "nombre": "Cama de Lujo para Mascotas",
      "descripcion": "Cama ortopédica premium con ropa de cama hipoalergénica y manta de cachemira para el máximo confort de su mascota durante la estancia.",
      "precio": 25,
      "imagenUrl": "https://media.architecturaldigest.com/photos/56c7a8c1cd3bcb326e99b482/16:9/w_2580,c_limit/pet-friendly-luxury-hotels-01.jpg?mbid=social_retweet"
    },
    {
      "idServicio": "PET002",
      "nombre": "Menú Gourmet para Mascotas",
      "descripcion": "Comida artesanal preparada por chef especializado en nutrición animal, con ingredientes orgánicos locales y opciones dietéticas especiales.",
      "precio": 35,
      "imagenUrl": "https://thesaucemag.com/wp-content/uploads/2024/08/dog-friendly-restaurants-london-megans-scaled.jpg"
    },
    {
      "idServicio": "PET003",
      "nombre": "Servicio de Paseos Premium",
      "descripcion": "Paseos personalizados por los jardines históricos de Malá Strana y parques cercanos, realizados por cuidadores profesionales certificados.",
      "precio": 40,
      "imagenUrl": "https://ichef.bbci.co.uk/ace/standard/2560/cpsprodpb/ddb5/live/6a81be00-0ee6-11f0-9471-fd068d782b6b.jpg"
    },
    {
      "idServicio": "PET004",
      "nombre": "Pet-Sitting Profesional",
      "descripcion": "Cuidador personal dedicado disponible 24/7 para atención, juegos, alimentación y compañía mientras los huéspedes disfrutan de otros servicios del hotel.",
      "precio": 60,
      "imagenUrl": "https://valleypetsitting.com/wp-content/uploads/2022/04/valley-pet-sitting-dogs-cats.jpg  "
    },
    {
      "idServicio": "PET005",
      "nombre": "Spa y Grooming para Mascotas",
      "descripcion": "Servicio completo de spa incluyendo baño con productos naturales, corte de uñas, cepillado profesional y aromaterapia relajante.",
      "precio": 85,
      "imagenUrl": "https://hiccpet.com/cdn/shop/articles/benefits-of-grooming-your-pet-featured-image.png?v=1719858000"
    },
    {
      "idServicio": "PET006",
      "nombre": "Kit de Bienvenida Pet-Friendly",
      "descripcion": "Kit de cortesía con juguetes artesanales checos, treats gourmet, correa de diseño y guía personalizada de lugares pet-friendly en Praga.",
      "precio": 45,
      "imagenUrl": "https://americanlifestylemag.com/wp-content/uploads/2020/02/dog-lover-basket-intext.jpg"
    },
    {
      "idServicio": "WINE001",
      "nombre": "Cena Maridaje en Bodega Privada",
      "descripcion": "Experiencia exclusiva en bodega privada del hotel con cena de 7 tiempos maridada con vinos checos premium y champagne, para máximo 12 personas.",
      "precio": 385,
      "imagenUrl": "https://media.istockphoto.com/id/991732782/es/foto/primer-plano-de-sumiller-sirviendo-vino-tinto-en-el-restaurante.jpg?s=612x612&w=0&k=20&c=pKjj9hZWme99DxzTBBL5pxPFAQCYvZLVmvtAmHPjh2M="
    },
    {
      "idServicio": "HELI001",
      "nombre": "Tours en Helicóptero sobre Praga",
      "descripcion": "Tour panorámico exclusivo en helicóptero privado sobre el casco histórico de Praga, Castillo y río Moldava, con champagne incluido.",
      "precio": 1200,
      "imagenUrl": "https://media.tacdn.com/media/attractions-splice-spp-674x446/0f/76/db/df.jpg"
    },
    {
      "idServicio": "FLOAT001",
      "nombre": "Cena Romántica en Barco Privado",
      "descripcion": "Cena romántica para dos personas en barco privado navegando el río Moldava, con menú gourmet, champagne y vista nocturna iluminada de Praga.",
      "precio": 650,
      "imagenUrl": "https://berqwp-cdn.sfo3.cdn.digitaloceanspaces.com/cache/dubriani.com/wp-content/uploads/2022/07/Image-01-png.webp"
    }
  ]
}